"Product SKU","Product UPC/EAN","Stock Level","Product Width","Product Height","Product Depth","Free Shipping","Fixed Shipping Cost"
20501787,642628014559,0,0.0000,0.0000,0.0000,N,0.0000
20501784,642628014528,0,0.0000,0.0000,0.0000,N,0.0000
20501780,642628017963,0,0.0000,0.0000,0.0000,N,0.0000
20501776,642628007018,0,0.0000,0.0000,0.0000,N,0.0000
20501755,10642628035025,0,0.0000,0.0000,0.0000,N,0.0000
20501770,642628035127,0,0.0000,0.0000,0.0000,N,0.0000
20501771,642628035165,0,0.0000,0.0000,0.0000,N,0.0000
20501766,642628006728,0,0.0000,0.0000,0.0000,N,0.0000
20501752,642628035018,0,0.0000,0.0000,0.0000,N,0.0000
20501728,642628103567,0,0.0000,0.0000,0.0000,N,0.0000
20501726,642628103533,0,0.0000,0.0000,0.0000,N,0.0000
20501724,642628103519,0,0.0000,0.0000,0.0000,N,0.0000
20501723,642628103598,0,0.0000,0.0000,0.0000,N,0.0000
20501722,642628103529,0,0.0000,0.0000,0.0000,N,0.0000
20501720,642628017925,0,0.0000,0.0000,0.0000,N,0.0000
20501721,642628017956,0,0.0000,0.0000,0.0000,N,0.0000
20501702,642628035196,0,0.0000,0.0000,0.0000,N,0.0000
20617973,642628017949,0,0.0000,0.0000,0.0000,N,0.0000
60470,647854604703,0,0.0000,0.0000,0.0000,N,0.0000
4770,,0,0.0000,0.0000,0.0000,N,0.0000
4670,,0,0.0000,0.0000,0.0000,N,0.0000
4653,,0,0.0000,0.0000,0.0000,N,0.0000
4600,,0,0.0000,0.0000,0.0000,N,0.0000
1248634,,0,0.0000,0.0000,0.0000,N,0.0000
1248534,,0,0.0000,0.0000,0.0000,N,0.0000
1248524,,0,0.0000,0.0000,0.0000,N,0.0000
1248384,,0,0.0000,0.0000,0.0000,N,0.0000
1248344,,0,0.0000,0.0000,0.0000,N,0.0000
1078724,,0,0.0000,0.0000,0.0000,N,0.0000
SSC-LCFR,079975256330,0,0.0000,0.0000,0.0000,N,0.0000
SSC-LCORI,079975256309,0,0.0000,0.0000,0.0000,N,0.0000
20501797,642628286055,0,0.0000,0.0000,0.0000,N,0.0000
20501795,642628286024,0,0.0000,0.0000,0.0000,N,0.0000
20501781,642628014501,0,0.0000,0.0000,0.0000,N,0.0000
20501767,642628006745,0,0.0000,0.0000,0.0000,N,0.0000
20501765,642628035066,0,0.0000,0.0000,0.0000,N,0.0000
S1012,,0,0.0000,0.0000,0.0000,N,0.0000
S1006,,0,0.0000,0.0000,0.0000,N,0.0000
1249304,,0,0.0000,0.0000,0.0000,N,0.0000
1248304,,0,0.0000,0.0000,0.0000,N,0.0000
4752,,0,0.0000,0.0000,0.0000,N,0.0000
20501709,642628036834,0,0.0000,0.0000,0.0000,N,0.0000
20501760,642628035158,0,0.0000,0.0000,0.0000,N,0.0000
20501757,642628035049,0,0.0000,0.0000,0.0000,N,0.0000
20501706,642628006783,0,0.0000,0.0000,0.0000,N,0.0000
20501763,642628035097,0,0.0000,0.0000,0.0000,N,0.0000
20501759,642628035080,0,0.0000,0.0000,0.0000,N,0.0000
20501790,642628035073,0,0.0000,0.0000,0.0000,N,0.0000
20501762,,0,0.0000,0.0000,0.0000,N,0.0000
20501713,642628008244,0,0.0000,0.0000,0.0000,N,0.0000
20501711,642628008206,0,0.0000,0.0000,0.0000,N,0.0000
20501712,642628008220,0,0.0000,0.0000,0.0000,N,0.0000
60467,647854604673,0,0.0000,0.0000,0.0000,N,0.0000
60472,647854604727,0,0.0000,0.0000,0.0000,N,0.0000
60469,647854604697,0,0.0000,0.0000,0.0000,N,0.0000
20627073,10642628015638,0,0.0000,0.0000,0.0000,N,0.0000
60468,647854604680,0,0.0000,0.0000,0.0000,N,0.0000
60471,647854604710,0,0.0000,0.0000,0.0000,N,0.0000
60456,647854604567,0,0.0000,0.0000,0.0000,N,0.0000
60458,647854604581,0,0.0000,0.0000,0.0000,N,0.0000
60459,647854604598,0,0.0000,0.0000,0.0000,N,0.0000
60460,647854604604,0,0.0000,0.0000,0.0000,N,0.0000
60462,647854604628,0,0.0000,0.0000,0.0000,N,0.0000
60476,647854604765,0,0.0000,0.0000,0.0000,N,0.0000
89015.3LC,27825789002,0,0.0000,0.0000,0.0000,N,0.0000
20501793,642628015259,0,0.0000,0.0000,0.0000,N,0.0000
20501782,642628014511,0,0.0000,0.0000,0.0000,N,0.0000
20501785,642628014535,0,0.0000,0.0000,0.0000,N,0.0000
BT.200900,642628012760,0,0.0000,0.0000,0.0000,N,0.0000
BT.200580,642628036841,0,0.0000,0.0000,0.0000,N,0.0000
20501786,642628014542,0,0.0000,0.0000,0.0000,N,0.0000
1248535,,0,0.0000,0.0000,0.0000,N,0.0000
1248238,,0,0.0000,0.0000,0.0000,N,0.0000
20501750,642628035035,0,0.0000,0.0000,0.0000,N,0.0000
BT.200400,642628006769,0,0.0000,0.0000,0.0000,N,0.0000
794325,812169000018,0,0.0000,0.0000,0.0000,N,0.0000
794330,812169000032,0,0.0000,0.0000,0.0000,N,0.0000
" 794399",812169000803,0,0.0000,0.0000,0.0000,N,0.0000
794976,812169001541,0,0.0000,0.0000,0.0000,N,0.0000
8077102,812169000544,0,0.0000,0.0000,0.0000,N,0.0000
8077100,812169000537,0,0.0000,0.0000,0.0000,N,0.0000
20553039,642628018854,0,0.0000,0.0000,0.0000,N,0.0000
60484,647854604840,0,0.0000,0.0000,0.0000,N,0.0000
475961,642628020703,0,0.0000,0.0000,0.0000,N,0.0000
20501725,642628103581,0,0.0000,0.0000,0.0000,N,0.0000
EV4B,,0,0.0000,0.0000,0.0000,N,0.0000
OPC3B,658564903628,0,0.0000,0.0000,0.0000,N,0.0000
OS4B,658564983613,0,0.0000,0.0000,0.0000,N,0.0000
TS4B,,0,0.0000,0.0000,0.0000,N,0.0000
900126,089036890120,0,0.0000,0.0000,0.0000,N,0.0000
900157,089036890151,0,0.0000,0.0000,0.0000,N,0.0000
900102,089036890106,0,0.0000,0.0000,0.0000,N,0.0000
20501761,642628035056,0,0.0000,0.0000,0.0000,N,0.0000
20501754,642628035103,0,0.0000,0.0000,0.0000,N,0.0000
60524,647854605243,0,0.0000,0.0000,0.0000,N,0.0000
60525,647854605250,0,0.0000,0.0000,0.0000,N,0.0000
60527,647854605274,0,0.0000,0.0000,0.0000,N,0.0000
FV3B,658564973614,0,0.0000,0.0000,0.0000,N,0.0000
60526,647854605267,0,0.0000,0.0000,0.0000,N,0.0000
M-EG032B,738337885709,0,0.0000,0.0000,0.0000,N,0.0000
900218,089036890212,0,0.0000,0.0000,0.0000,N,0.0000
900188,089036890182,0,0.0000,0.0000,0.0000,N,0.0000
M-EG183B,738337886355,0,0.0000,0.0000,0.0000,N,0.0000
M-EG207B,738337885723,0,0.0000,0.0000,0.0000,N,0.0000
M-EG042B,738337885686,0,0.0000,0.0000,0.0000,N,0.0000
M-EG036B,738337885716,0,0.0000,0.0000,0.0000,N,0.0000
794934,812169001565,0,0.0000,0.0000,0.0000,N,0.0000
794360,812169001275,0,0.0000,0.0000,0.0000,N,0.0000
794949,812169001572,0,0.0000,0.0000,0.0000,N,0.0000
20501774,,0,0.0000,0.0000,0.0000,N,0.0000
8077104,,0,0.0000,0.0000,0.0000,N,0.0000
807742,812169001480,0,0.0000,0.0000,0.0000,N,0.0000
794235,812169013223,0,0.0000,0.0000,0.0000,N,0.0000
61000,647854610001,0,0.0000,0.0000,0.0000,N,0.0000
8077116,812169000193,0,0.0000,0.0000,0.0000,N,0.0000
794365,,0,0.0000,0.0000,0.0000,N,0.0000
794686,812169001282,0,0.0000,0.0000,0.0000,N,0.0000
OC70048,707082700483,0,0.0000,0.0000,0.0000,N,0.0000
794675,812169004009,0,0.0000,0.0000,0.0000,N,0.0000
20627059,642628102010,0,0.0000,0.0000,0.0000,N,0.0000
20627058,,0,0.0000,0.0000,0.0000,N,0.0000
20501777,642628012784,0,0.0000,0.0000,0.0000,N,0.0000
60620,64785460622,0,0.0000,0.0000,0.0000,N,0.0000
GTC4B,658564618164,0,0.0000,0.0000,0.0000,N,0.0000
MO5060,,0,0.0000,0.0000,0.0000,N,0.0000
MO5040,,0,0.0000,0.0000,0.0000,N,0.0000
60698,647854606981,0,0.0000,0.0000,0.0000,N,0.0000
07107-CUP,,0,0.0000,0.0000,0.0000,N,0.0000
07105-CUP,,0,0.0000,0.0000,0.0000,N,0.0000
07106-CUP,860003131114,0,0.0000,0.0000,0.0000,N,0.0000
07108-CUP,,0,0.0000,0.0000,0.0000,N,0.0000
MO5000,,0,0.0000,0.0000,0.0000,N,0.0000
MO5170,812169003101,0,0.0000,0.0000,0.0000,N,0.0000
MO5030,,0,0.0000,0.0000,0.0000,N,0.0000
MO5180,812169003118,0,0.0000,0.0000,0.0000,N,0.0000
60645,647854606455,0,0.0000,0.0000,0.0000,N,0.0000
20762876,,0,0.0000,0.0000,0.0000,N,0.0000
60548,,0,0.0000,0.0000,0.0000,N,0.0000
DTS14,,0,0.0000,0.0000,0.0000,N,0.0000
60667,,0,0.0000,0.0000,0.0000,N,0.0000
105145,,0,0.0000,0.0000,0.0000,N,0.0000
105141,,0,0.0000,0.0000,0.0000,N,0.0000
105143,,0,0.0000,0.0000,0.0000,N,0.0000
10514,,0,0.0000,0.0000,0.0000,N,0.0000
78.00,,0,0.0000,0.0000,0.0000,N,0.0000
L0205F030601,20817785020499,0,0.0000,0.0000,0.0000,N,0.0000
L0195F030601,,0,0.0000,0.0000,0.0000,N,0.0000
L0196F030301,,0,0.0000,0.0000,0.0000,N,0.0000
L0183F030601,,0,0.0000,0.0000,0.0000,N,0.0000
L0204F030601,,0,0.0000,0.0000,0.0000,N,0.0000
L0006F030601,,0,0.0000,0.0000,0.0000,N,0.0000
01-4102,20817785020611,0,0.0000,0.0000,0.0000,N,0.0000
L0200F030601,,0,0.0000,0.0000,0.0000,N,0.0000
L0242F030601,,0,0.0000,0.0000,0.0000,N,0.0000
L4200-ASST,,0,0.0000,0.0000,0.0000,N,0.0000
FV14,,0,0.0000,0.0000,0.0000,N,0.0000
OS14,,0,0.0000,0.0000,0.0000,N,0.0000
